Date,Open*,High,Low,Close**,Volume,Market Cap
"Apr 24, 2019",0.002775,0.002779,0.002549,0.002599,"43,229,277","309,878,403"
"Apr 23, 2019",0.002804,0.002856,0.002767,0.002772,"37,261,547","330,508,960"
"Apr 22, 2019",0.002758,0.002824,0.002726,0.002798,"36,334,621","333,525,284"
"Apr 21, 2019",0.0029,0.002906,0.002724,0.00276,"37,077,986","328,896,048"
"Apr 20, 2019",0.002892,0.002903,0.00286,0.002902,"35,542,377","345,812,689"
"Apr 19, 2019",0.002945,0.002948,0.002875,0.002893,"36,059,338","344,694,916"
"Apr 18, 2019",0.002816,0.002958,0.002806,0.002946,"42,590,190","350,965,938"
"Apr 17, 2019",0.002837,0.002861,0.002759,0.00281,"32,027,922","334,723,161"
"Apr 16, 2019",0.00279,0.002856,0.002738,0.002835,"31,946,320","337,688,746"
"Apr 15, 2019",0.002884,0.002923,0.002743,0.00279,"36,669,437","332,280,603"
"Apr 14, 2019",0.002873,0.002903,0.002837,0.002882,"30,693,264","343,200,438"
"Apr 13, 2019",0.002852,0.002906,0.00282,0.002872,"34,870,866","342,015,736"
"Apr 12, 2019",0.002791,0.002873,0.002725,0.002856,"42,878,877","339,977,667"
"Apr 11, 2019",0.003019,0.003031,0.002738,0.002789,"45,881,209","332,037,825"
"Apr 10, 2019",0.002881,0.00308,0.002872,0.003021,"50,718,761","359,651,120"
"Apr 09, 2019",0.003044,0.00307,0.002812,0.002884,"53,210,703","343,234,839"
"Apr 08, 2019",0.003428,0.003437,0.003012,0.003045,"62,195,173","362,309,890"
"Apr 07, 2019",0.00344,0.003517,0.003256,0.003418,"50,224,984","406,652,917"
"Apr 06, 2019",0.003594,0.003594,0.003415,0.003439,"46,343,810","409,155,293"
"Apr 05, 2019",0.003679,0.003755,0.003409,0.00359,"63,331,136","427,026,548"
"Apr 04, 2019",0.003158,0.004096,0.003134,0.003697,"164,634,741","439,749,414"
"Apr 03, 2019",0.002777,0.003656,0.002771,0.003164,"89,863,287","376,346,599"
"Apr 02, 2019",0.002459,0.002863,0.002394,0.002795,"60,298,362","332,358,223"
"Apr 01, 2019",0.002082,0.002532,0.002078,0.002461,"49,116,894","292,641,811"
"Mar 31, 2019",0.002081,0.0021,0.00207,0.00208,"18,785,300","247,350,012"
"Mar 30, 2019",0.002091,0.002166,0.002065,0.00208,"19,212,788","247,321,175"
"Mar 29, 2019",0.002076,0.002102,0.002056,0.002087,"21,582,049","248,123,447"
"Mar 28, 2019",0.002087,0.002092,0.00206,0.002074,"20,558,761","246,454,838"
"Mar 27, 2019",0.00205,0.002089,0.002042,0.002085,"23,194,502","247,769,700"
"Mar 26, 2019",0.002041,0.002061,0.002026,0.002054,"19,354,498","244,056,902"
"Mar 25, 2019",0.002058,0.002066,0.002026,0.002043,"17,555,818","242,770,806"
"Mar 24, 2019",0.002062,0.00208,0.002026,0.002054,"16,541,721","243,962,932"
"Mar 23, 2019",0.002057,0.00208,0.002047,0.002064,"15,724,762","245,183,328"
"Mar 22, 2019",0.002051,0.002074,0.002045,0.002052,"17,243,548","243,742,933"
"Mar 21, 2019",0.002065,0.002074,0.00204,0.002054,"18,961,937","243,873,315"
"Mar 20, 2019",0.002084,0.002092,0.002054,0.002061,"17,912,276","244,693,571"
"Mar 19, 2019",0.002083,0.002106,0.002073,0.002091,"20,549,162","248,260,771"
"Mar 18, 2019",0.002076,0.002094,0.002063,0.002083,"21,958,793","247,277,160"
"Mar 17, 2019",0.002081,0.00209,0.002057,0.002081,"17,683,010","246,984,847"
"Mar 16, 2019",0.002047,0.002099,0.00204,0.002077,"17,262,660","246,562,176"
"Mar 15, 2019",0.002041,0.002058,0.002015,0.002048,"14,469,793","243,069,198"
"Mar 14, 2019",0.002022,0.002044,0.002009,0.002039,"12,675,418","241,919,027"
"Mar 13, 2019",0.002015,0.002053,0.002005,0.002025,"17,366,462","240,262,326"
"Mar 12, 2019",0.001969,0.00203,0.00195,0.002012,"20,817,165","238,641,759"
"Mar 11, 2019",0.002001,0.002006,0.001947,0.001966,"20,212,258","233,158,765"
"Mar 10, 2019",0.002,0.002004,0.001979,0.001999,"14,597,178","237,074,916"
"Mar 09, 2019",0.001982,0.002015,0.001972,0.001998,"17,348,833","236,946,257"
"Mar 08, 2019",0.001992,0.001998,0.001968,0.00198,"17,551,404","234,803,751"
"Mar 07, 2019",0.001982,0.002015,0.001966,0.001991,"17,976,088","236,034,181"
"Mar 06, 2019",0.001985,0.001992,0.001967,0.001983,"17,375,079","235,065,672"
"Mar 05, 2019",0.001981,0.002003,0.001961,0.001985,"19,420,739","235,312,822"
"Mar 04, 2019",0.002004,0.002011,0.001968,0.001982,"16,744,533","234,927,106"
"Mar 03, 2019",0.002002,0.002024,0.001991,0.001999,"15,753,983","236,922,047"
"Mar 02, 2019",0.001992,0.002013,0.00198,0.002003,"17,330,550","237,292,659"
"Mar 01, 2019",0.001976,0.00202,0.001976,0.001994,"18,777,567","236,294,434"
"Feb 28, 2019",0.002018,0.002024,0.001968,0.001976,"18,191,276","234,089,209"
"Feb 27, 2019",0.002024,0.002033,0.001954,0.002019,"19,512,740","239,107,350"
"Feb 26, 2019",0.002029,0.00205,0.001992,0.002023,"19,292,966","239,562,466"
"Feb 25, 2019",0.001973,0.002045,0.00193,0.00203,"20,965,852","240,373,595"
"Feb 24, 2019",0.002088,0.002125,0.001955,0.001974,"25,171,947","233,678,259"
"Feb 23, 2019",0.002055,0.002111,0.002034,0.002083,"20,487,004","246,661,869"
"Feb 22, 2019",0.00203,0.002071,0.002024,0.002056,"19,850,028","243,372,976"
"Feb 21, 2019",0.002066,0.002078,0.002022,0.002028,"18,308,575","240,071,970"
"Feb 20, 2019",0.002065,0.002081,0.002044,0.002079,"20,976,083","246,042,747"
"Feb 19, 2019",0.002116,0.002139,0.002056,0.002067,"26,883,836","244,633,573"
"Feb 18, 2019",0.001993,0.002124,0.001993,0.002114,"26,457,493","250,094,072"
"Feb 17, 2019",0.001923,0.001993,0.001915,0.001992,"19,208,659","235,719,871"
"Feb 16, 2019",0.001907,0.001929,0.001895,0.001924,"14,351,257","227,597,790"
"Feb 15, 2019",0.001896,0.001915,0.001889,0.001908,"14,754,160","225,621,219"
"Feb 14, 2019",0.001891,0.001909,0.001885,0.001897,"16,879,422","224,325,154"
"Feb 13, 2019",0.001894,0.00191,0.001885,0.001893,"15,440,451","223,902,917"
"Feb 12, 2019",0.001904,0.001911,0.001873,0.001894,"16,971,098","223,946,349"
"Feb 11, 2019",0.001946,0.001946,0.001899,0.001906,"15,220,889","225,276,851"
"Feb 10, 2019",0.001951,0.001953,0.001912,0.001946,"15,828,371","229,995,070"
"Feb 09, 2019",0.001952,0.001996,0.001923,0.001949,"14,455,529","230,403,927"
"Feb 08, 2019",0.001847,0.001957,0.001835,0.001956,"17,956,052","231,202,756"
"Feb 07, 2019",0.001869,0.00189,0.001839,0.001845,"14,228,248","218,008,800"
"Feb 06, 2019",0.001886,0.001902,0.001837,0.001866,"15,246,340","220,417,140"
"Feb 05, 2019",0.001899,0.001913,0.00188,0.001888,"13,983,316","223,012,093"
"Feb 04, 2019",0.001904,0.001932,0.001877,0.001896,"13,169,126","223,945,017"
"Feb 03, 2019",0.001932,0.001957,0.00189,0.001904,"15,354,409","224,849,259"
"Feb 02, 2019",0.001914,0.001956,0.001896,0.001936,"13,184,663","228,611,251"
"Feb 01, 2019",0.001926,0.001928,0.001893,0.001916,"17,411,751","226,308,067"
"Jan 31, 2019",0.001963,0.001987,0.001912,0.001925,"13,824,059","227,283,335"
"Jan 30, 2019",0.001925,0.00197,0.001914,0.001961,"11,813,018","231,532,343"
"Jan 29, 2019",0.001947,0.00197,0.001917,0.001927,"14,809,844","227,482,733"
"Jan 28, 2019",0.002026,0.002028,0.001927,0.001944,"16,265,136","229,396,886"
"Jan 27, 2019",0.002082,0.002096,0.002009,0.002027,"16,233,338","239,272,756"
"Jan 26, 2019",0.002094,0.002152,0.00203,0.002083,"15,588,079","245,748,560"
"Jan 25, 2019",0.002057,0.002183,0.002027,0.002118,"15,953,121","249,905,438"
"Jan 24, 2019",0.002045,0.002073,0.002013,0.002039,"15,825,805","240,547,776"
"Jan 23, 2019",0.002055,0.002068,0.002021,0.002043,"15,672,115","240,979,399"
"Jan 22, 2019",0.002099,0.002112,0.002033,0.002057,"18,971,837","242,632,498"
"Jan 21, 2019",0.002106,0.002122,0.002066,0.002101,"17,205,921","247,737,175"
"Jan 20, 2019",0.002153,0.002153,0.002082,0.002119,"16,178,008","249,843,275"
"Jan 19, 2019",0.002104,0.00216,0.002089,0.002153,"16,088,820","253,903,206"
"Jan 18, 2019",0.002093,0.002117,0.002084,0.002106,"12,471,672","248,304,914"
"Jan 17, 2019",0.002133,0.002147,0.00208,0.002094,"13,882,217","246,798,932"
"Jan 16, 2019",0.002108,0.002141,0.002084,0.002138,"13,656,181","251,931,605"
"Jan 15, 2019",0.002178,0.002188,0.002098,0.002111,"15,986,348","248,720,213"
"Jan 14, 2019",0.002102,0.002198,0.002097,0.002183,"18,534,843","257,213,741"
"Jan 13, 2019",0.002137,0.002171,0.002083,0.002094,"18,059,306","246,733,656"
"Jan 12, 2019",0.00213,0.002158,0.002115,0.002148,"14,167,258","253,082,186"
"Jan 11, 2019",0.002129,0.002149,0.002105,0.002129,"17,187,243","250,754,770"
"Jan 10, 2019",0.002263,0.002295,0.002085,0.002132,"21,174,109","251,103,615"
"Jan 09, 2019",0.002278,0.002307,0.002255,0.002266,"17,010,797","266,854,314"
"Jan 08, 2019",0.002298,0.002321,0.002261,0.002276,"20,994,417","267,977,607"
"Jan 07, 2019",0.002328,0.002335,0.002275,0.002285,"15,899,004","269,018,283"
"Jan 06, 2019",0.002313,0.002371,0.002291,0.002328,"18,175,111","274,056,601"
"Jan 05, 2019",0.00232,0.00235,0.00228,0.002319,"17,148,586","272,996,564"
"Jan 04, 2019",0.002364,0.002397,0.002274,0.002315,"19,530,100","272,494,770"
"Jan 03, 2019",0.002404,0.002414,0.002356,0.00236,"17,619,234","277,679,885"
"Jan 02, 2019",0.002388,0.002458,0.002372,0.002407,"18,015,392","283,171,751"
"Jan 01, 2019",0.002346,0.002392,0.002322,0.002392,"17,364,744","281,442,717"
"Dec 31, 2018",0.00237,0.002395,0.002325,0.002346,"18,724,788","275,928,512"
"Dec 30, 2018",0.00238,0.002402,0.002341,0.002367,"16,846,019","278,470,304"
"Dec 29, 2018",0.002439,0.002446,0.002388,0.002403,"16,985,015","282,658,119"
"Dec 28, 2018",0.002362,0.002447,0.002304,0.002434,"19,439,895","286,240,348"
"Dec 27, 2018",0.002477,0.002486,0.002364,0.002364,"19,224,932","277,947,392"
"Dec 26, 2018",0.002402,0.002496,0.002394,0.002474,"17,477,619","290,868,131"
"Dec 25, 2018",0.002555,0.002555,0.002318,0.002404,"19,340,547","282,621,316"
"Dec 24, 2018",0.00255,0.002638,0.00254,0.00254,"24,536,966","298,584,294"
"Dec 23, 2018",0.002502,0.002589,0.0025,0.002542,"20,041,491","298,792,070"
"Dec 22, 2018",0.002539,0.002561,0.002416,0.002502,"18,456,616","294,025,343"
"Dec 21, 2018",0.002722,0.002745,0.00251,0.002545,"22,399,777","299,000,804"
"Dec 20, 2018",0.002707,0.002779,0.00261,0.002731,"23,713,034","320,894,679"
"Dec 19, 2018",0.002674,0.002771,0.002562,0.00272,"29,874,095","319,482,826"
"Dec 18, 2018",0.002536,0.00269,0.002471,0.002684,"39,838,880","315,219,760"
"Dec 17, 2018",0.002125,0.002716,0.002119,0.002533,"38,633,067","297,529,700"
"Dec 16, 2018",0.002106,0.002145,0.002101,0.002125,"16,084,725","249,589,839"
"Dec 15, 2018",0.00207,0.002121,0.002063,0.002113,"13,579,048","248,156,317"
"Dec 14, 2018",0.002067,0.002085,0.002056,0.00207,"16,163,454","243,041,742"
"Dec 13, 2018",0.002118,0.002119,0.002045,0.002065,"17,660,417","242,442,810"
"Dec 12, 2018",0.002089,0.002137,0.002077,0.002111,"18,564,007","247,778,497"
"Dec 11, 2018",0.002097,0.002101,0.002065,0.002088,"16,096,640","245,087,586"
"Dec 10, 2018",0.002098,0.002119,0.002074,0.0021,"15,898,038","246,427,924"
"Dec 09, 2018",0.002113,0.002144,0.002089,0.002102,"16,961,970","246,649,040"
"Dec 08, 2018",0.002096,0.002157,0.002068,0.00212,"18,741,868","248,738,484"
"Dec 07, 2018",0.002104,0.002139,0.002031,0.002104,"27,761,895","246,818,848"
"Dec 06, 2018",0.002178,0.002227,0.002097,0.002097,"24,766,152","245,980,363"
"Dec 05, 2018",0.002194,0.002258,0.002143,0.00218,"20,634,689","255,697,625"
"Dec 04, 2018",0.00237,0.002379,0.002171,0.002196,"17,851,389","257,494,595"
"Dec 03, 2018",0.002247,0.002386,0.002144,0.002371,"12,481,724","278,040,470"
"Dec 02, 2018",0.002252,0.002271,0.002216,0.002246,"9,346,514","263,285,351"
"Dec 01, 2018",0.002175,0.002279,0.002155,0.00225,"9,596,327","263,750,542"
"Nov 30, 2018",0.00224,0.002255,0.00213,0.002165,"11,289,729","253,728,206"
"Nov 29, 2018",0.002251,0.002277,0.002186,0.002241,"12,848,617","262,631,886"
"Nov 28, 2018",0.002089,0.002302,0.002083,0.002246,"14,675,800","263,216,105"
"Nov 27, 2018",0.002095,0.002106,0.002006,0.002087,"11,737,900","244,511,715"
"Nov 26, 2018",0.002218,0.002254,0.00204,0.002099,"11,991,200","245,848,748"
"Nov 25, 2018",0.00223,0.002262,0.002073,0.00222,"11,793,900","260,041,720"
"Nov 24, 2018",0.002364,0.00239,0.002194,0.002224,"11,318,100","260,499,268"
"Nov 23, 2018",0.002408,0.002419,0.00229,0.002361,"11,322,000","276,466,211"
"Nov 22, 2018",0.002454,0.002481,0.002344,0.002412,"13,264,200","282,441,634"
"Nov 21, 2018",0.002266,0.002505,0.002174,0.002448,"28,366,700","286,620,432"
"Nov 20, 2018",0.002414,0.002437,0.002184,0.002254,"20,588,800","263,932,882"
"Nov 19, 2018",0.002641,0.002717,0.002415,0.002418,"16,481,100","283,005,651"
"Nov 18, 2018",0.002597,0.002645,0.002575,0.002643,"11,556,400","309,369,879"
"Nov 17, 2018",0.002746,0.002771,0.002563,0.002595,"18,533,300","303,689,776"
"Nov 16, 2018",0.002803,0.002819,0.002667,0.002746,"24,758,900","321,325,361"
"Nov 15, 2018",0.002703,0.002816,0.002511,0.0028,"22,776,600","327,645,999"
"Nov 14, 2018",0.002947,0.002954,0.002612,0.002695,"15,358,000","315,331,726"
"Nov 13, 2018",0.003066,0.003087,0.002943,0.002945,"7,309,800","344,531,571"
"Nov 12, 2018",0.003164,0.003173,0.003039,0.003064,"10,401,200","358,414,070"
"Nov 11, 2018",0.003278,0.003286,0.003142,0.003162,"8,201,330","369,745,370"
"Nov 10, 2018",0.003135,0.003347,0.003092,0.003285,"15,996,900","384,068,861"
"Nov 09, 2018",0.003368,0.003373,0.003095,0.00314,"18,644,000","367,129,457"
"Nov 08, 2018",0.003637,0.00366,0.003377,0.003384,"13,533,900","395,578,770"
"Nov 07, 2018",0.003698,0.003719,0.003625,0.003637,"10,603,600","425,182,385"
"Nov 06, 2018",0.003632,0.003732,0.003616,0.003696,"15,554,100","433,467,772"
"Nov 05, 2018",0.003664,0.003744,0.003616,0.003622,"11,645,300","423,301,553"
"Nov 04, 2018",0.003749,0.003788,0.003676,0.003676,"8,992,540","429,511,053"
"Nov 03, 2018",0.003776,0.003786,0.00373,0.003733,"7,815,160","436,195,624"
"Nov 02, 2018",0.003778,0.00381,0.003745,0.003773,"11,323,400","440,812,519"
"Nov 01, 2018",0.003759,0.003951,0.003753,0.003777,"10,034,100","441,152,745"
"Oct 31, 2018",0.003835,0.003873,0.00369,0.003764,"14,273,900","439,603,254"
"Oct 30, 2018",0.003857,0.003908,0.003819,0.00385,"11,828,900","449,643,133"
"Oct 29, 2018",0.004048,0.004064,0.003835,0.003847,"14,051,900","449,242,891"
"Oct 28, 2018",0.004188,0.004188,0.004035,0.004063,"11,694,700","474,359,842"
"Oct 27, 2018",0.004011,0.004256,0.004011,0.004195,"23,286,000","489,681,080"
"Oct 26, 2018",0.003703,0.003984,0.003703,0.003984,"16,214,900","465,080,941"
"Oct 25, 2018",0.003912,0.003921,0.003676,0.003717,"12,336,100","433,818,659"
"Oct 24, 2018",0.004162,0.004163,0.003859,0.003911,"17,832,300","456,437,857"
"Oct 23, 2018",0.004373,0.004401,0.004136,0.004172,"12,913,100","486,756,513"
"Oct 22, 2018",0.004508,0.004535,0.004357,0.004366,"10,602,500","509,318,217"
"Oct 21, 2018",0.004552,0.004602,0.004509,0.004517,"7,521,080","526,968,561"
"Oct 20, 2018",0.004501,0.004558,0.004443,0.004551,"7,574,780","530,881,311"
"Oct 19, 2018",0.004389,0.004566,0.004273,0.00447,"17,274,700","521,344,520"
"Oct 18, 2018",0.004605,0.004729,0.004336,0.004386,"22,842,600","511,469,870"
"Oct 17, 2018",0.00501,0.005025,0.004493,0.004599,"24,144,600","536,231,883"
"Oct 16, 2018",0.005222,0.005222,0.004966,0.005017,"11,794,600","584,946,754"
"Oct 15, 2018",0.005153,0.005457,0.005124,0.005218,"18,579,800","608,254,396"
"Oct 14, 2018",0.005174,0.005222,0.005145,0.005158,"7,930,760","601,233,349"
"Oct 13, 2018",0.005245,0.005272,0.005163,0.005182,"8,095,130","603,905,182"
"Oct 12, 2018",0.004982,0.005283,0.004957,0.005247,"9,635,600","611,427,695"
"Oct 11, 2018",0.005547,0.005547,0.004901,0.005,"18,770,800","582,635,155"
"Oct 10, 2018",0.005628,0.005648,0.005531,0.005552,"10,274,400","646,790,165"
"Oct 09, 2018",0.005594,0.005639,0.005574,0.005635,"8,996,090","656,416,571"
"Oct 08, 2018",0.005573,0.005652,0.005549,0.005578,"12,177,400","649,726,470"
"Oct 07, 2018",0.005559,0.005575,0.005512,0.005562,"7,755,690","647,783,090"
"Oct 06, 2018",0.005686,0.00577,0.005483,0.005545,"13,055,500","645,695,893"
"Oct 05, 2018",0.005647,0.005744,0.005625,0.005669,"12,566,200","660,047,445"
"Oct 04, 2018",0.005712,0.005767,0.005576,0.005645,"14,529,600","657,223,864"
"Oct 03, 2018",0.005813,0.005826,0.005655,0.005704,"15,933,900","663,984,391"
"Oct 02, 2018",0.005927,0.005964,0.005789,0.005824,"15,357,200","677,834,331"
"Oct 01, 2018",0.005901,0.006024,0.005881,0.005942,"20,096,400","691,491,512"
"Sep 30, 2018",0.005867,0.00591,0.005828,0.005906,"13,396,600","687,215,143"
"Sep 29, 2018",0.005832,0.005898,0.005765,0.005865,"15,626,800","682,339,782"
"Sep 28, 2018",0.005864,0.005965,0.005783,0.005831,"14,461,600","678,300,466"
"Sep 27, 2018",0.005702,0.00591,0.005693,0.005879,"15,096,200","683,838,581"
"Sep 26, 2018",0.005692,0.005753,0.005662,0.005695,"11,673,600","662,329,725"
"Sep 25, 2018",0.00568,0.005794,0.005587,0.005686,"17,598,700","661,194,576"
"Sep 24, 2018",0.005904,0.006067,0.005659,0.005677,"17,243,600","660,168,122"
"Sep 23, 2018",0.005765,0.005907,0.005736,0.005901,"12,445,100","686,080,917"
"Sep 22, 2018",0.005682,0.005817,0.005604,0.005758,"14,917,600","669,390,105"
"Sep 21, 2018",0.005695,0.005961,0.005553,0.005684,"22,345,300","660,681,858"
"Sep 20, 2018",0.005605,0.0059,0.005605,0.005695,"25,354,400","661,896,910"
"Sep 19, 2018",0.005984,0.006031,0.00536,0.005609,"38,645,300","651,826,831"
"Sep 18, 2018",0.006231,0.00628,0.005789,0.005981,"39,689,500","694,945,887"
"Sep 17, 2018",0.00654,0.006547,0.006156,0.006243,"26,385,900","725,299,657"
"Sep 16, 2018",0.006191,0.006531,0.006141,0.006531,"21,598,600","758,705,131"
"Sep 15, 2018",0.006187,0.006267,0.006134,0.006165,"16,956,400","716,133,149"
"Sep 14, 2018",0.006558,0.006658,0.006095,0.00618,"41,910,000","717,737,373"
"Sep 13, 2018",0.006468,0.006609,0.00641,0.006554,"45,785,700","761,150,295"
"Sep 12, 2018",0.006325,0.006457,0.006193,0.006455,"59,824,100","749,563,102"
"Sep 11, 2018",0.006931,0.006931,0.005953,0.006329,"89,882,900","734,786,915"
"Sep 10, 2018",0.00584,0.006933,0.00584,0.006892,"76,891,600","800,113,779"
"Sep 09, 2018",0.00571,0.005843,0.005702,0.005829,"32,572,000","676,577,705"
"Sep 08, 2018",0.005298,0.005858,0.005298,0.005692,"48,248,300","660,574,628"
"Sep 07, 2018",0.004996,0.005442,0.004996,0.005307,"37,618,700","615,880,470"
"Sep 06, 2018",0.004926,0.005092,0.004665,0.00501,"32,481,300","581,271,400"
"Sep 05, 2018",0.005259,0.005394,0.004809,0.004931,"50,536,000","572,046,224"
"Sep 04, 2018",0.005279,0.005323,0.005055,0.005269,"32,495,100","611,181,289"
"Sep 03, 2018",0.005026,0.00555,0.004985,0.005266,"57,158,800","610,853,685"
"Sep 02, 2018",0.00631,0.006554,0.004548,0.004999,"139,429,000","579,769,447"
"Sep 01, 2018",0.004741,0.006753,0.004337,0.006278,"193,826,000","727,970,620"
"Aug 31, 2018",0.003216,0.004849,0.003213,0.004794,"77,150,500","555,832,504"
"Aug 30, 2018",0.002598,0.003269,0.002596,0.003206,"33,967,500","371,736,148"
"Aug 29, 2018",0.002607,0.00262,0.002516,0.002606,"4,588,400","302,033,242"
"Aug 28, 2018",0.002475,0.002619,0.002451,0.002607,"5,215,460","302,144,270"
"Aug 27, 2018",0.002404,0.002468,0.002387,0.002462,"3,618,660","285,305,949"
"Aug 26, 2018",0.002368,0.002413,0.002288,0.002404,"2,912,230","278,624,233"
"Aug 25, 2018",0.002423,0.002439,0.002355,0.00237,"4,028,740","274,615,435"
"Aug 24, 2018",0.002391,0.002436,0.002354,0.002426,"3,251,910","281,064,242"
"Aug 23, 2018",0.002315,0.002397,0.002313,0.002385,"2,596,260","276,305,563"
"Aug 22, 2018",0.002423,0.002517,0.002312,0.002315,"5,962,320","268,075,742"
"Aug 21, 2018",0.002364,0.002431,0.002362,0.002424,"2,134,170","280,772,183"
"Aug 20, 2018",0.002464,0.002485,0.00236,0.002369,"2,424,120","274,272,438"
"Aug 19, 2018",0.002413,0.002473,0.002366,0.002473,"2,665,100","286,367,576"
"Aug 18, 2018",0.002477,0.002499,0.002368,0.002394,"6,738,940","277,170,288"
"Aug 17, 2018",0.002316,0.002478,0.002285,0.002455,"5,233,940","284,151,789"
"Aug 16, 2018",0.002299,0.00237,0.002227,0.002292,"5,860,370","265,235,124"
"Aug 15, 2018",0.002256,0.002412,0.002248,0.002303,"5,379,460","266,549,316"
"Aug 14, 2018",0.00232,0.002325,0.002143,0.00226,"7,512,400","261,534,677"
"Aug 13, 2018",0.002407,0.002451,0.002285,0.002331,"4,981,090","269,736,329"
"Aug 12, 2018",0.002396,0.00244,0.00236,0.002404,"3,433,940","278,123,345"
"Aug 11, 2018",0.00238,0.00246,0.002345,0.002404,"5,083,850","278,022,865"
"Aug 10, 2018",0.002554,0.002609,0.002365,0.002392,"4,693,290","276,653,726"
"Aug 09, 2018",0.002408,0.002593,0.002381,0.002555,"7,374,010","295,514,406"
"Aug 08, 2018",0.002669,0.002669,0.002396,0.002415,"4,879,040","279,185,556"
"Aug 07, 2018",0.002775,0.002827,0.00266,0.002671,"5,725,520","308,809,411"
"Aug 06, 2018",0.002872,0.002909,0.00274,0.002779,"5,668,670","321,265,095"
"Aug 05, 2018",0.002783,0.002915,0.002733,0.002837,"11,384,200","327,938,540"
"Aug 04, 2018",0.002896,0.002965,0.002737,0.002745,"7,980,110","317,270,338"
"Aug 03, 2018",0.002959,0.002969,0.002846,0.002918,"9,546,950","337,172,279"
"Aug 02, 2018",0.00308,0.003163,0.002927,0.002946,"6,942,240","340,387,652"
"Aug 01, 2018",0.003018,0.003159,0.002828,0.003159,"14,829,700","365,019,481"
"Jul 31, 2018",0.003325,0.003325,0.002857,0.002945,"14,253,600","340,164,809"
"Jul 30, 2018",0.003313,0.003352,0.003031,0.003273,"13,732,200","377,999,636"
"Jul 29, 2018",0.003414,0.003477,0.003286,0.003307,"5,890,530","381,945,739"
"Jul 28, 2018",0.003408,0.00347,0.003389,0.0034,"3,341,480","392,607,817"
"Jul 27, 2018",0.003388,0.003461,0.003284,0.003418,"5,090,340","394,605,475"
"Jul 26, 2018",0.00353,0.003645,0.003354,0.003393,"6,916,450","391,735,302"
"Jul 25, 2018",0.003592,0.00366,0.003313,0.003543,"13,195,600","408,948,842"
"Jul 24, 2018",0.003446,0.003668,0.00339,0.00362,"10,829,100","417,763,030"
"Jul 23, 2018",0.003468,0.003638,0.003419,0.003431,"8,372,820","395,957,342"
"Jul 22, 2018",0.003339,0.003582,0.003278,0.003458,"11,356,800","399,040,882"
"Jul 21, 2018",0.00345,0.003531,0.003217,0.00327,"13,342,900","377,290,410"
"Jul 20, 2018",0.003829,0.003836,0.003294,0.00341,"18,017,900","393,392,432"
"Jul 19, 2018",0.003683,0.00395,0.003481,0.003844,"25,349,600","443,392,195"
"Jul 18, 2018",0.003222,0.004314,0.003189,0.003712,"39,281,300","428,178,335"
"Jul 17, 2018",0.002812,0.003261,0.002801,0.003228,"15,429,200","372,245,952"
"Jul 16, 2018",0.002366,0.002869,0.002366,0.002854,"15,576,200","329,148,248"
"Jul 15, 2018",0.00237,0.002415,0.00232,0.00238,"3,869,860","274,421,956"
"Jul 14, 2018",0.002304,0.002384,0.002187,0.002362,"4,179,950","272,285,060"
"Jul 13, 2018",0.002307,0.002356,0.002207,0.002332,"6,191,910","268,861,136"
"Jul 12, 2018",0.002395,0.002425,0.002244,0.002306,"4,220,800","265,785,074"
"Jul 11, 2018",0.002406,0.002475,0.002353,0.002425,"9,788,650","279,463,345"
"Jul 10, 2018",0.002606,0.002623,0.002242,0.002411,"6,741,490","277,864,986"
"Jul 09, 2018",0.002612,0.002649,0.002595,0.002603,"4,233,540","299,949,050"
"Jul 08, 2018",0.002642,0.002671,0.002573,0.002611,"5,004,800","300,734,142"
"Jul 07, 2018",0.002601,0.002646,0.002547,0.002645,"4,205,310","304,620,169"
"Jul 06, 2018",0.00261,0.002619,0.002551,0.002597,"4,306,990","299,049,595"
"Jul 05, 2018",0.002679,0.002695,0.002578,0.002599,"3,792,270","299,294,780"
"Jul 04, 2018",0.002637,0.002724,0.002587,0.00268,"4,781,340","308,602,980"
"Jul 03, 2018",0.002699,0.002764,0.002618,0.002638,"5,643,560","303,713,117"
"Jul 02, 2018",0.002486,0.002721,0.002429,0.002703,"5,812,800","311,174,076"
"Jul 01, 2018",0.002508,0.002554,0.002456,0.002489,"8,435,030","286,509,504"
"Jun 30, 2018",0.002435,0.002541,0.002421,0.002499,"6,122,900","287,630,567"
"Jun 29, 2018",0.002409,0.002492,0.002293,0.002427,"3,832,380","279,304,722"
"Jun 28, 2018",0.002406,0.002504,0.002333,0.002357,"3,678,050","271,187,894"
"Jun 27, 2018",0.002484,0.002508,0.002335,0.002437,"5,765,380","280,401,350"
"Jun 26, 2018",0.002501,0.002577,0.002457,0.002478,"4,070,170","285,041,033"
"Jun 25, 2018",0.00249,0.002576,0.002392,0.002485,"5,693,670","285,861,158"
"Jun 24, 2018",0.002635,0.002711,0.002331,0.00251,"9,879,600","288,641,071"
"Jun 23, 2018",0.002671,0.002714,0.002585,0.002641,"9,938,440","303,670,220"
"Jun 22, 2018",0.002983,0.003004,0.0026,0.002668,"9,291,920","306,702,253"
"Jun 21, 2018",0.003021,0.003031,0.002968,0.002988,"3,952,000","343,481,918"
"Jun 20, 2018",0.003035,0.003047,0.002944,0.003021,"3,245,680","347,206,138"
"Jun 19, 2018",0.003027,0.003074,0.002956,0.003033,"4,460,270","348,638,115"
"Jun 18, 2018",0.002916,0.00308,0.002831,0.003027,"8,143,520","347,923,935"
"Jun 17, 2018",0.002906,0.002945,0.002873,0.002873,"6,253,640","330,081,698"
"Jun 16, 2018",0.002892,0.002956,0.002829,0.002895,"6,642,410","332,593,553"
"Jun 15, 2018",0.002953,0.002982,0.002837,0.002901,"12,125,600","333,264,840"
"Jun 14, 2018",0.002816,0.003016,0.002811,0.002944,"9,869,880","338,168,614"
"Jun 13, 2018",0.003092,0.003115,0.002778,0.002817,"11,074,900","323,516,474"
"Jun 12, 2018",0.003237,0.003273,0.003075,0.003089,"4,965,300","354,758,102"
"Jun 11, 2018",0.00318,0.003247,0.003102,0.003234,"4,841,840","371,367,950"
"Jun 10, 2018",0.003595,0.003595,0.003151,0.003182,"7,439,530","365,371,603"
"Jun 09, 2018",0.003658,0.003711,0.003593,0.003593,"4,672,910","412,504,966"
"Jun 08, 2018",0.003746,0.003784,0.003633,0.003659,"6,921,140","419,946,809"
"Jun 07, 2018",0.003748,0.003836,0.003707,0.003732,"6,110,720","428,293,524"
"Jun 06, 2018",0.003655,0.0038,0.003573,0.003787,"21,273,700","434,554,168"
"Jun 05, 2018",0.003538,0.003722,0.003514,0.003654,"18,819,700","419,254,906"
"Jun 04, 2018",0.003691,0.00376,0.003512,0.003532,"22,162,200","405,239,497"
"Jun 03, 2018",0.003576,0.00375,0.003545,0.00369,"19,570,200","423,325,479"
"Jun 02, 2018",0.003418,0.003584,0.0034,0.003558,"5,918,490","408,089,278"
"Jun 01, 2018",0.003427,0.003469,0.003336,0.003423,"5,436,780","392,591,613"
"May 31, 2018",0.003429,0.003513,0.003317,0.003398,"8,971,080","389,661,096"
"May 30, 2018",0.003447,0.003506,0.003323,0.003354,"7,463,910","384,506,684"
"May 29, 2018",0.003226,0.003446,0.003168,0.003437,"9,244,550","393,979,506"
"May 28, 2018",0.003433,0.003447,0.003218,0.003226,"7,502,800","369,745,371"
"May 27, 2018",0.003464,0.00348,0.003401,0.003424,"3,494,870","392,428,907"
"May 26, 2018",0.00355,0.003569,0.003459,0.003463,"6,353,660","396,818,057"
"May 25, 2018",0.003474,0.003607,0.003376,0.003514,"10,613,600","402,683,933"
"May 24, 2018",0.00359,0.003713,0.003248,0.003499,"10,460,200","400,915,452"
"May 23, 2018",0.003858,0.004274,0.003435,0.003591,"14,899,100","411,345,523"
"May 22, 2018",0.004212,0.004281,0.003823,0.003851,"10,205,700","441,124,252"
"May 21, 2018",0.004397,0.004419,0.003947,0.004271,"18,454,500","489,159,638"
"May 20, 2018",0.00425,0.004476,0.003907,0.004423,"15,909,900","506,485,164"
"May 19, 2018",0.004217,0.004428,0.004005,0.004286,"15,007,400","490,735,464"
"May 18, 2018",0.003996,0.004377,0.003755,0.004017,"13,622,000","459,919,190"
"May 17, 2018",0.004368,0.00448,0.004173,0.004188,"17,314,000","479,446,692"
"May 16, 2018",0.004474,0.00455,0.00426,0.004385,"9,611,630","501,944,871"
"May 15, 2018",0.004443,0.004788,0.004418,0.004515,"21,076,900","516,726,421"
"May 14, 2018",0.004499,0.004559,0.004219,0.00446,"12,399,700","510,361,318"
"May 13, 2018",0.004307,0.004622,0.003965,0.004329,"19,823,500","495,286,562"
"May 12, 2018",0.00445,0.004668,0.003918,0.004473,"27,449,400","511,781,761"
"May 11, 2018",0.005036,0.005036,0.003997,0.004362,"27,582,800","498,921,346"
"May 10, 2018",0.004825,0.005296,0.004531,0.00487,"34,878,500","557,000,639"
"May 09, 2018",0.005273,0.005324,0.004652,0.005093,"33,562,300","582,406,976"
"May 08, 2018",0.004833,0.005356,0.004792,0.005303,"40,660,100","606,410,324"
"May 07, 2018",0.004966,0.005017,0.004632,0.004817,"25,891,500","550,808,734"
"May 06, 2018",0.005202,0.005259,0.004725,0.00497,"33,446,900","568,134,218"
"May 05, 2018",0.005267,0.005347,0.005026,0.00518,"30,335,800","592,172,154"
"May 04, 2018",0.005533,0.005555,0.005205,0.005269,"14,434,200","602,168,795"
"May 03, 2018",0.005334,0.005649,0.005212,0.005641,"50,484,900","644,659,838"
"May 02, 2018",0.005114,0.005415,0.005041,0.005273,"49,958,400","602,519,225"
"May 01, 2018",0.005272,0.005272,0.004899,0.005144,"11,657,500","587,750,702"
"Apr 30, 2018",0.005405,0.005534,0.005136,0.00521,"36,411,800","595,237,179"
"Apr 29, 2018",0.00547,0.005558,0.005222,0.005459,"37,883,800","623,566,087"
"Apr 28, 2018",0.005364,0.005622,0.005314,0.005357,"35,916,600","611,859,890"
"Apr 27, 2018",0.005583,0.005739,0.005296,0.005422,"38,969,800","619,127,865"
"Apr 26, 2018",0.005128,0.005676,0.004896,0.005627,"41,358,700","642,470,068"
"Apr 25, 2018",0.005879,0.005919,0.004947,0.005093,"38,270,000","581,482,891"
"Apr 24, 2018",0.005489,0.005908,0.005482,0.0058,"36,637,000","662,124,918"
"Apr 23, 2018",0.005545,0.005707,0.0054,0.005482,"33,576,300","625,700,626"
"Apr 22, 2018",0.005442,0.005773,0.005328,0.005539,"18,456,900","632,129,664"
"Apr 21, 2018",0.005878,0.005887,0.005194,0.005413,"25,007,100","617,731,981"
"Apr 20, 2018",0.005834,0.005958,0.005698,0.005893,"23,110,700","672,355,879"
"Apr 19, 2018",0.005397,0.005824,0.00532,0.005824,"27,012,500","664,427,354"
"Apr 18, 2018",0.004712,0.005468,0.004708,0.005412,"21,720,200","617,372,188"
"Apr 17, 2018",0.004588,0.004869,0.004515,0.004744,"17,139,500","541,044,699"
"Apr 16, 2018",0.004588,0.00492,0.004391,0.004585,"22,272,600","522,843,971"
"Apr 15, 2018",0.004135,0.004614,0.004135,0.004571,"11,867,500","521,261,891"
"Apr 14, 2018",0.003958,0.004218,0.003924,0.00415,"13,585,900","473,228,673"
"Apr 13, 2018",0.003782,0.004294,0.00375,0.003995,"18,150,400","455,430,861"
"Apr 12, 2018",0.003374,0.003798,0.003255,0.003798,"13,877,700","432,950,912"
"Apr 11, 2018",0.003039,0.003499,0.003013,0.003396,"25,292,400","387,108,403"
"Apr 10, 2018",0.002759,0.003073,0.00274,0.003043,"10,212,100","346,737,261"
"Apr 09, 2018",0.002855,0.002929,0.002724,0.002763,"4,827,250","314,807,366"
"Apr 08, 2018",0.002786,0.002907,0.002786,0.002843,"3,683,180","323,884,729"
"Apr 07, 2018",0.002682,0.002865,0.002669,0.002802,"3,034,220","319,168,904"
"Apr 06, 2018",0.002715,0.002737,0.002614,0.00267,"2,848,290","304,130,896"
"Apr 05, 2018",0.002785,0.002791,0.002654,0.002714,"4,829,150","309,054,897"
"Apr 04, 2018",0.002982,0.003006,0.002717,0.00277,"5,330,250","315,475,248"
"Apr 03, 2018",0.002794,0.002993,0.00278,0.00298,"6,618,080","339,266,307"
"Apr 02, 2018",0.002731,0.002814,0.002704,0.002797,"5,034,000","318,465,574"
"Apr 01, 2018",0.002818,0.002869,0.002595,0.002719,"3,373,820","309,485,889"
"Mar 31, 2018",0.002752,0.002897,0.002699,0.002819,"3,505,010","320,911,092"
"Mar 30, 2018",0.002811,0.00289,0.002648,0.002763,"5,378,440","314,463,228"
"Mar 29, 2018",0.003171,0.003177,0.002758,0.002827,"5,630,550","321,655,144"
"Mar 28, 2018",0.003134,0.003244,0.003114,0.003141,"4,912,220","357,344,344"
"Mar 27, 2018",0.003276,0.003283,0.003108,0.003145,"5,235,300","357,785,687"
"Mar 26, 2018",0.003498,0.003541,0.003141,0.003289,"6,061,990","374,176,872"
"Mar 25, 2018",0.00355,0.003576,0.003463,0.003505,"3,476,340","398,679,314"
"Mar 24, 2018",0.003597,0.003727,0.00351,0.00359,"4,461,220","408,301,808"
"Mar 23, 2018",0.003533,0.00356,0.003341,0.00356,"6,178,530","404,772,685"
"Mar 22, 2018",0.003666,0.003726,0.003443,0.003528,"5,210,480","401,139,207"
"Mar 21, 2018",0.003651,0.003833,0.003606,0.003659,"6,711,100","415,921,725"
"Mar 20, 2018",0.003466,0.003727,0.003388,0.003651,"6,638,060","414,990,078"
"Mar 19, 2018",0.003199,0.003504,0.003144,0.00344,"8,278,910","390,980,328"
"Mar 18, 2018",0.00328,0.00328,0.00279,0.00319,"9,029,610","362,543,841"
"Mar 17, 2018",0.003505,0.00355,0.003249,0.003299,"6,231,110","374,824,967"
"Mar 16, 2018",0.003542,0.003655,0.003441,0.00351,"6,407,110","398,839,483"
"Mar 15, 2018",0.003521,0.003619,0.003267,0.003536,"9,316,740","401,676,595"
"Mar 14, 2018",0.003954,0.004018,0.003423,0.003524,"7,532,350","400,229,180"
"Mar 13, 2018",0.00402,0.004234,0.003879,0.00396,"6,006,560","449,768,151"
"Mar 12, 2018",0.004207,0.004273,0.003835,0.004032,"7,601,500","457,816,698"
"Mar 11, 2018",0.003959,0.00432,0.003843,0.00421,"9,251,440","477,971,379"
"Mar 10, 2018",0.004137,0.004379,0.00395,0.003973,"9,880,540","451,032,436"
"Mar 09, 2018",0.004006,0.004146,0.003618,0.004146,"13,624,400","470,609,046"
"Mar 08, 2018",0.004015,0.004418,0.003895,0.004025,"15,499,400","456,837,512"
"Mar 07, 2018",0.004618,0.004704,0.004011,0.004024,"17,585,500","456,705,754"
"Mar 06, 2018",0.005122,0.005136,0.004558,0.00461,"14,766,900","523,141,571"
"Mar 05, 2018",0.005462,0.005535,0.005157,0.005218,"13,627,700","591,986,388"
"Mar 04, 2018",0.005234,0.005502,0.005164,0.005502,"12,133,500","624,158,962"
"Mar 03, 2018",0.005494,0.005756,0.005181,0.005301,"21,545,000","601,285,949"
"Mar 02, 2018",0.006174,0.006232,0.005447,0.005482,"22,498,100","621,726,561"
"Mar 01, 2018",0.006042,0.00632,0.005945,0.006215,"15,518,400","704,812,282"
"Feb 28, 2018",0.00627,0.006451,0.006006,0.006018,"13,227,600","682,419,942"
"Feb 27, 2018",0.006363,0.006574,0.00627,0.006291,"12,201,900","713,270,307"
"Feb 26, 2018",0.006169,0.006499,0.005962,0.006339,"12,068,600","718,603,157"
"Feb 25, 2018",0.006321,0.006411,0.005997,0.006142,"11,758,800","696,235,030"
"Feb 24, 2018",0.006666,0.006898,0.006131,0.006324,"15,687,300","716,769,751"
"Feb 23, 2018",0.006253,0.006949,0.006038,0.006648,"19,390,500","753,353,115"
"Feb 22, 2018",0.006568,0.006869,0.006082,0.006259,"20,365,500","709,168,605"
"Feb 21, 2018",0.007087,0.007391,0.006349,0.006581,"36,813,100","745,581,440"
"Feb 20, 2018",0.006679,0.008288,0.006399,0.007094,"107,911,000","803,659,982"
"Feb 19, 2018",0.00641,0.006938,0.006341,0.006697,"13,019,200","758,506,771"
"Feb 18, 2018",0.007114,0.007144,0.00633,0.006424,"15,291,500","727,588,696"
"Feb 17, 2018",0.007064,0.007322,0.006853,0.007049,"18,333,100","798,267,106"
"Feb 16, 2018",0.007295,0.007485,0.006529,0.007034,"26,553,900","796,386,651"
"Feb 15, 2018",0.006717,0.007948,0.006714,0.007347,"43,275,000","831,793,418"
"Feb 14, 2018",0.00563,0.006786,0.00563,0.00673,"40,527,400","761,914,124"
"Feb 13, 2018",0.005475,0.005678,0.005271,0.005638,"14,149,700","638,124,005"
"Feb 12, 2018",0.004964,0.005508,0.004964,0.005472,"11,124,300","619,304,749"
"Feb 11, 2018",0.004968,0.005183,0.004606,0.004956,"11,309,800","560,868,396"
"Feb 10, 2018",0.004982,0.005441,0.004744,0.004989,"16,717,300","564,542,285"
"Feb 09, 2018",0.00456,0.005011,0.004313,0.005,"11,190,100","565,681,599"
"Feb 08, 2018",0.004263,0.004872,0.004263,0.004566,"9,462,680","516,515,304"
"Feb 07, 2018",0.004314,0.0048,0.003934,0.004297,"12,990,100","486,004,813"
"Feb 06, 2018",0.003544,0.004421,0.003036,0.004361,"19,139,100","493,153,304"
"Feb 05, 2018",0.004397,0.00447,0.003376,0.003533,"12,489,400","399,524,306"
"Feb 04, 2018",0.005182,0.005317,0.004176,0.004399,"12,961,600","497,364,799"
"Feb 03, 2018",0.004501,0.005495,0.004159,0.005164,"18,018,100","583,800,030"
"Feb 02, 2018",0.005023,0.005023,0.00331,0.004475,"29,913,700","505,797,136"
"Feb 01, 2018",0.006021,0.00609,0.004791,0.005029,"18,748,700","568,402,416"
"Jan 31, 2018",0.006001,0.006219,0.005752,0.00601,"14,754,700","679,199,153"
"Jan 30, 2018",0.006969,0.006992,0.005942,0.006024,"15,855,900","680,637,218"
"Jan 29, 2018",0.007401,0.007522,0.006863,0.006967,"13,073,100","787,122,893"
"Jan 28, 2018",0.007409,0.007681,0.007337,0.007465,"14,070,700","843,237,988"
"Jan 27, 2018",0.00724,0.007545,0.007168,0.007373,"11,672,900","832,760,567"
"Jan 26, 2018",0.007702,0.007982,0.006795,0.007237,"19,572,300","817,296,655"
"Jan 25, 2018",0.007155,0.007763,0.007124,0.007667,"21,329,400","865,745,131"
"Jan 24, 2018",0.006642,0.007217,0.006473,0.007083,"17,449,900","799,755,503"
"Jan 23, 2018",0.006723,0.007049,0.006228,0.006673,"17,882,700","753,393,585"
"Jan 22, 2018",0.007199,0.007606,0.006318,0.006734,"19,968,600","760,095,989"
"Jan 21, 2018",0.008438,0.008438,0.006983,0.007131,"22,933,100","804,877,210"
"Jan 20, 2018",0.007957,0.008649,0.007957,0.008448,"22,974,100","953,343,861"
"Jan 19, 2018",0.007872,0.008435,0.007467,0.007871,"30,335,700","888,117,577"
"Jan 18, 2018",0.007641,0.008733,0.007195,0.007969,"56,599,300","899,102,560"
"Jan 17, 2018",0.006812,0.007741,0.005499,0.007648,"58,846,200","862,812,720"
"Jan 16, 2018",0.009863,0.009863,0.005672,0.006822,"68,099,200","769,558,552"
"Jan 15, 2018",0.011631,0.011779,0.009848,0.009857,"62,765,500","1,111,760,879"
"Jan 14, 2018",0.013057,0.013187,0.011344,0.011684,"65,899,000","1,317,716,492"
"Jan 13, 2018",0.013057,0.013653,0.012478,0.013023,"55,890,600","1,468,529,067"
"Jan 12, 2018",0.011479,0.013339,0.011165,0.013056,"56,971,300","1,472,034,319"
"Jan 11, 2018",0.01302,0.013153,0.010987,0.011469,"62,722,000","1,292,966,655"
"Jan 10, 2018",0.013554,0.01356,0.011485,0.013102,"100,243,000","1,476,852,402"
"Jan 09, 2018",0.015072,0.015569,0.013015,0.01342,"115,255,000","1,512,508,348"
"Jan 08, 2018",0.017115,0.017664,0.013765,0.015045,"235,114,000","1,695,430,616"
"Jan 07, 2018",0.014673,0.018773,0.014577,0.017088,"288,184,000","1,925,382,961"
"Jan 06, 2018",0.012226,0.015788,0.012226,0.014863,"283,716,992","1,674,491,225"
"Jan 05, 2018",0.00966,0.012283,0.009589,0.012167,"212,383,008","1,370,604,721"
"Jan 04, 2018",0.009346,0.010036,0.008768,0.009644,"108,986,000","1,086,239,171"
"Jan 03, 2018",0.009088,0.009584,0.008882,0.00932,"66,349,900","1,049,588,235"
"Jan 02, 2018",0.008873,0.009598,0.008551,0.009145,"89,424,096","1,029,797,362"
"Jan 01, 2018",0.009031,0.009063,0.008101,0.008909,"50,616,900","1,003,050,473"
"Dec 31, 2017",0.007803,0.009274,0.007669,0.008972,"62,256,400","1,010,010,339"
"Dec 30, 2017",0.009365,0.009446,0.007388,0.00786,"56,175,300","884,810,743"
"Dec 29, 2017",0.008513,0.009477,0.008155,0.009391,"62,474,900","1,056,955,586"
"Dec 28, 2017",0.008856,0.008856,0.007717,0.008486,"51,201,500","954,963,150"
"Dec 27, 2017",0.009342,0.009609,0.008514,0.008872,"63,625,500","998,314,075"
"Dec 26, 2017",0.008935,0.009623,0.008173,0.009411,"124,427,000","1,058,877,173"
"Dec 25, 2017",0.008649,0.010729,0.008582,0.008931,"178,008,992","1,004,674,178"
"Dec 24, 2017",0.007282,0.008948,0.005974,0.008582,"143,767,008","965,364,620"
"Dec 23, 2017",0.006135,0.008076,0.00611,0.007259,"70,143,104","816,428,067"
"Dec 22, 2017",0.007386,0.007625,0.004742,0.006054,"63,693,900","680,766,390"
"Dec 21, 2017",0.006733,0.008768,0.006583,0.007425,"159,154,000","834,820,435"
"Dec 20, 2017",0.005619,0.007067,0.004892,0.006661,"67,820,000","748,907,795"
"Dec 19, 2017",0.006402,0.006693,0.005476,0.005666,"38,885,700","636,924,902"
"Dec 18, 2017",0.005938,0.006809,0.005622,0.006433,"44,158,800","723,023,421"
"Dec 17, 2017",0.005917,0.007628,0.005586,0.005984,"99,417,200","672,488,067"
"Dec 16, 2017",0.003767,0.006251,0.003638,0.005933,"136,352,992","666,727,523"
"Dec 15, 2017",0.00367,0.003809,0.003483,0.003762,"19,043,800","422,678,524"
"Dec 14, 2017",0.003449,0.003718,0.003419,0.003709,"23,426,200","416,683,565"
"Dec 13, 2017",0.003306,0.003884,0.003218,0.003461,"31,150,900","388,750,770"
"Dec 12, 2017",0.002794,0.003381,0.002665,0.003304,"19,228,600","371,078,320"
"Dec 11, 2017",0.002563,0.002894,0.002534,0.002798,"7,017,140","314,179,916"
"Dec 10, 2017",0.002607,0.002742,0.002307,0.002547,"5,614,920","285,960,070"
"Dec 09, 2017",0.002772,0.002846,0.002425,0.002617,"6,564,530","293,806,517"
"Dec 08, 2017",0.00273,0.002846,0.002326,0.002779,"11,797,600","311,978,308"
"Dec 07, 2017",0.002581,0.002858,0.002515,0.00272,"15,759,300","305,323,590"
"Dec 06, 2017",0.002495,0.002663,0.00244,0.002663,"9,047,960","298,826,686"
"Dec 05, 2017",0.002474,0.002676,0.002426,0.002479,"8,772,420","278,242,796"
"Dec 04, 2017",0.002206,0.002475,0.002178,0.002463,"6,307,150","276,409,782"
"Dec 03, 2017",0.002092,0.00234,0.002071,0.002223,"4,751,640","249,405,607"
"Dec 02, 2017",0.002122,0.002212,0.002017,0.002149,"4,978,180","241,024,466"
"Dec 01, 2017",0.002051,0.002237,0.001971,0.002148,"5,258,110","240,929,705"
"Nov 30, 2017",0.002048,0.002271,0.00189,0.002079,"4,919,490","233,164,227"
"Nov 29, 2017",0.002333,0.002581,0.001993,0.00208,"11,077,200","233,280,395"
"Nov 28, 2017",0.001991,0.002363,0.001949,0.002363,"8,317,540","264,879,641"
"Nov 27, 2017",0.001999,0.002036,0.001891,0.001988,"6,185,790","222,859,152"
"Nov 26, 2017",0.002073,0.002132,0.00188,0.002026,"7,670,430","227,138,163"
"Nov 25, 2017",0.001923,0.002072,0.001877,0.002072,"5,430,930","232,185,059"
"Nov 24, 2017",0.00194,0.001978,0.001788,0.001908,"9,585,960","213,828,665"
"Nov 23, 2017",0.001819,0.002246,0.001819,0.001891,"26,126,500","211,863,702"
"Nov 22, 2017",0.001401,0.002053,0.001373,0.001823,"18,841,700","204,237,210"
"Nov 21, 2017",0.00141,0.001446,0.001302,0.001389,"3,047,660","155,605,422"
"Nov 20, 2017",0.001374,0.001428,0.001348,0.001394,"2,141,360","156,086,761"
"Nov 19, 2017",0.001355,0.001421,0.00134,0.001376,"1,431,720","154,127,620"
"Nov 18, 2017",0.001308,0.001385,0.001254,0.001373,"1,648,260","153,733,392"
"Nov 17, 2017",0.001381,0.001394,0.001274,0.001313,"2,787,480","147,031,148"
"Nov 16, 2017",0.001348,0.001424,0.001286,0.00139,"3,423,010","155,643,098"
"Nov 15, 2017",0.001189,0.001351,0.001179,0.001339,"2,840,180","149,852,218"
"Nov 14, 2017",0.001201,0.001239,0.001131,0.001184,"2,660,340","132,549,462"
"Nov 13, 2017",0.001046,0.001212,0.001019,0.001211,"2,481,270","135,534,682"
"Nov 12, 2017",0.001189,0.00121,0.001002,0.001038,"3,288,960","116,147,795"
"Nov 11, 2017",0.001146,0.001257,0.001141,0.001201,"2,231,080","134,375,658"
"Nov 10, 2017",0.001421,0.001431,0.001125,0.001163,"4,246,520","130,061,008"
"Nov 09, 2017",0.001207,0.001415,0.001181,0.001415,"6,259,550","158,275,567"
"Nov 08, 2017",0.001175,0.00126,0.001148,0.001222,"3,528,340","136,644,128"
"Nov 07, 2017",0.001157,0.001214,0.00115,0.001177,"2,251,920","131,659,738"
"Nov 06, 2017",0.001171,0.001243,0.001145,0.001154,"1,997,300","128,985,531"
"Nov 05, 2017",0.001168,0.001236,0.001142,0.001182,"1,668,270","132,186,840"
"Nov 04, 2017",0.001143,0.001242,0.001098,0.001189,"1,986,450","132,880,239"
"Nov 03, 2017",0.001157,0.001215,0.001107,0.001121,"2,813,240","125,277,849"
"Nov 02, 2017",0.001109,0.001185,0.00105,0.001151,"5,326,660","128,673,014"
"Nov 01, 2017",0.001143,0.001175,0.00109,0.001138,"2,821,950","127,124,958"
"Oct 31, 2017",0.001143,0.001196,0.001106,0.001124,"3,075,460","125,608,534"
"Oct 30, 2017",0.001224,0.001228,0.001103,0.001151,"2,979,150","128,553,236"
"Oct 29, 2017",0.001037,0.001237,0.000993,0.001173,"19,651,600","131,042,650"
"Oct 28, 2017",0.00104,0.00116,0.000992,0.001037,"1,072,410","115,838,085"
"Oct 27, 2017",0.001052,0.001087,0.001024,0.001052,"1,414,540","117,507,606"
"Oct 26, 2017",0.001055,0.00109,0.001017,0.001051,"1,559,670","117,395,796"
"Oct 25, 2017",0.0011,0.0011,0.001009,0.001056,"2,198,320","117,863,496"
"Oct 24, 2017",0.001013,0.001139,0.000965,0.001092,"5,253,740","121,932,279"
"Oct 23, 2017",0.001022,0.001053,0.000959,0.001016,"3,524,540","113,352,713"
"Oct 22, 2017",0.001008,0.001077,0.000976,0.001023,"2,583,310","114,153,274"
"Oct 21, 2017",0.001048,0.001068,0.000959,0.001007,"3,157,240","112,344,622"
"Oct 20, 2017",0.001071,0.001098,0.001035,0.00105,"3,244,930","117,173,990"
"Oct 19, 2017",0.001056,0.001095,0.001045,0.001064,"2,189,610","118,646,431"
"Oct 18, 2017",0.001066,0.001079,0.000975,0.001047,"2,446,530","116,835,650"
"Oct 17, 2017",0.001161,0.00119,0.001063,0.001067,"7,260,740","119,044,078"
"Oct 16, 2017",0.001107,0.001254,0.001056,0.001164,"6,552,920","129,818,631"
"Oct 15, 2017",0.001097,0.001165,0.001045,0.001106,"2,164,040","123,350,732"
"Oct 14, 2017",0.001047,0.001115,0.001026,0.00111,"2,216,010","123,728,892"
"Oct 13, 2017",0.001064,0.001085,0.000976,0.001066,"6,885,520","118,811,778"
"Oct 12, 2017",0.001057,0.001096,0.001031,0.001062,"3,146,680","118,374,302"
"Oct 11, 2017",0.001035,0.00108,0.000996,0.001046,"2,390,280","116,589,678"
"Oct 10, 2017",0.00098,0.001047,0.000952,0.001036,"1,909,730","115,410,505"
"Oct 09, 2017",0.001056,0.001066,0.000963,0.000991,"3,065,770","110,386,304"
"Oct 08, 2017",0.001072,0.001136,0.001029,0.001056,"2,242,630","117,635,323"
"Oct 07, 2017",0.001079,0.001129,0.001021,0.001066,"1,488,520","118,755,630"
"Oct 06, 2017",0.001003,0.001085,0.000995,0.001056,"1,505,160","117,619,217"
"Oct 05, 2017",0.001016,0.001075,0.000979,0.001001,"2,656,730","111,512,917"
"Oct 04, 2017",0.001121,0.001121,0.000938,0.001024,"2,119,210","114,065,546"
"Oct 03, 2017",0.001085,0.001115,0.001004,0.001108,"2,044,110","123,407,577"
"Oct 02, 2017",0.001075,0.001133,0.001055,0.001085,"3,145,110","120,828,186"
"Oct 01, 2017",0.001142,0.001152,0.00105,0.001084,"4,295,630","120,619,529"
"Sep 30, 2017",0.001091,0.001169,0.001076,0.001145,"4,092,970","127,462,556"
"Sep 29, 2017",0.001105,0.001129,0.001001,0.001082,"5,674,620","120,442,313"
"Sep 28, 2017",0.001142,0.001172,0.001077,0.00108,"4,485,170","120,169,039"
"Sep 27, 2017",0.001132,0.00119,0.001113,0.001173,"5,371,580","130,487,492"
"Sep 26, 2017",0.001141,0.001194,0.001067,0.001151,"9,374,910","128,051,587"
"Sep 25, 2017",0.00089,0.001182,0.000889,0.001141,"9,597,030","126,867,683"
"Sep 24, 2017",0.00094,0.000983,0.000878,0.000892,"4,928,520","99,150,921"
"Sep 23, 2017",0.000771,0.000974,0.00076,0.000954,"7,670,640","106,075,800"
"Sep 22, 2017",0.000762,0.000783,0.000712,0.000772,"3,758,470","85,839,983"
"Sep 21, 2017",0.00085,0.000864,0.000736,0.000755,"3,157,030","83,953,179"
"Sep 20, 2017",0.000881,0.000888,0.000828,0.000862,"4,641,920","95,864,199"
"Sep 19, 2017",0.00094,0.000964,0.000852,0.00089,"5,206,600","98,960,884"
"Sep 18, 2017",0.000853,0.00096,0.000837,0.000947,"7,127,750","105,289,092"
"Sep 17, 2017",0.000867,0.000868,0.000767,0.000853,"6,776,550","94,759,414"
"Sep 16, 2017",0.000848,0.000921,0.000774,0.000867,"13,242,000","96,306,792"
"Sep 15, 2017",0.000852,0.00095,0.000626,0.000865,"21,413,000","96,132,679"
"Sep 14, 2017",0.001384,0.001397,0.000854,0.000854,"13,435,300","94,847,806"
"Sep 13, 2017",0.001442,0.001442,0.001333,0.001398,"4,788,820","155,284,725"
"Sep 12, 2017",0.001465,0.001578,0.001435,0.00144,"8,575,960","159,882,603"
"Sep 11, 2017",0.001397,0.001505,0.001387,0.001463,"6,644,960","162,461,816"
"Sep 10, 2017",0.001573,0.001581,0.001254,0.001395,"10,036,300","154,850,998"
"Sep 09, 2017",0.001586,0.001645,0.001534,0.001568,"6,441,030","174,031,367"
"Sep 08, 2017",0.00193,0.001956,0.001533,0.001596,"10,583,000","177,125,057"
"Sep 07, 2017",0.002016,0.002016,0.00192,0.001928,"7,589,980","213,910,026"
"Sep 06, 2017",0.001912,0.002042,0.001865,0.002019,"11,077,100","223,986,648"
"Sep 05, 2017",0.0018,0.001943,0.00154,0.001908,"11,565,200","211,642,097"
"Sep 04, 2017",0.002169,0.002169,0.001721,0.001786,"11,195,900","198,144,548"
"Sep 03, 2017",0.002263,0.002326,0.00209,0.002153,"8,700,780","238,765,001"
"Sep 02, 2017",0.002557,0.002701,0.002134,0.002226,"23,789,600","246,876,828"
"Sep 01, 2017",0.002064,0.002543,0.002049,0.002543,"16,681,400","282,046,046"
"Aug 31, 2017",0.002103,0.00215,0.002017,0.002064,"12,968,400","228,804,389"
"Aug 30, 2017",0.001862,0.002151,0.001817,0.002105,"17,500,900","233,398,753"
"Aug 29, 2017",0.001822,0.001924,0.001795,0.001867,"6,879,110","206,951,990"
"Aug 28, 2017",0.001764,0.001825,0.001751,0.001825,"3,210,440","202,245,399"
"Aug 27, 2017",0.001779,0.001784,0.001745,0.00176,"2,241,620","194,996,480"
"Aug 26, 2017",0.001787,0.001797,0.001735,0.001778,"1,935,350","197,004,365"
"Aug 25, 2017",0.001808,0.00183,0.001762,0.00179,"2,654,040","198,284,912"
"Aug 24, 2017",0.001731,0.001845,0.001722,0.001816,"4,796,720","201,223,520"
"Aug 23, 2017",0.001715,0.001791,0.0017,0.001732,"5,481,120","191,824,059"
"Aug 22, 2017",0.001713,0.001731,0.001616,0.001716,"3,645,340","190,062,368"
"Aug 21, 2017",0.001693,0.001712,0.001644,0.001712,"3,580,650","189,571,337"
"Aug 20, 2017",0.00167,0.001726,0.001636,0.001707,"3,050,890","189,031,463"
"Aug 19, 2017",0.001681,0.001709,0.001647,0.001678,"3,028,000","185,787,198"
"Aug 18, 2017",0.001711,0.001759,0.001654,0.001678,"3,190,510","185,762,813"
"Aug 17, 2017",0.001781,0.001799,0.001575,0.00171,"3,365,590","189,307,023"
"Aug 16, 2017",0.001732,0.001798,0.0017,0.001774,"3,874,060","196,376,336"
"Aug 15, 2017",0.001758,0.001827,0.001656,0.001738,"7,095,620","192,321,528"
"Aug 14, 2017",0.001807,0.00183,0.001711,0.001762,"4,321,530","195,005,983"
"Aug 13, 2017",0.001853,0.001874,0.001731,0.001807,"4,744,330","199,948,813"
"Aug 12, 2017",0.001877,0.001992,0.001828,0.001856,"7,282,380","205,262,085"
"Aug 11, 2017",0.001897,0.001897,0.001817,0.00188,"5,135,210","207,948,541"
"Aug 10, 2017",0.001939,0.001945,0.001891,0.001896,"4,006,990","209,656,696"
"Aug 09, 2017",0.001961,0.001974,0.001895,0.001937,"4,251,240","214,167,442"
"Aug 08, 2017",0.00195,0.001987,0.001929,0.001961,"4,784,700","216,822,987"
"Aug 07, 2017",0.001919,0.001974,0.001882,0.001949,"5,318,800","215,460,298"
"Aug 06, 2017",0.002086,0.00214,0.001901,0.001909,"6,541,340","211,048,436"
"Aug 05, 2017",0.001817,0.002087,0.001804,0.002087,"8,047,780","230,690,211"
"Aug 04, 2017",0.001794,0.001847,0.001784,0.00182,"3,828,740","201,162,666"
"Aug 03, 2017",0.001785,0.001807,0.001759,0.001795,"3,213,770","198,345,142"
"Aug 02, 2017",0.00179,0.001823,0.001746,0.001788,"4,626,730","197,572,304"
"Aug 01, 2017",0.001719,0.001803,0.001642,0.001792,"4,465,920","197,951,948"
"Jul 31, 2017",0.001713,0.001728,0.001632,0.001718,"3,841,680","189,798,984"
"Jul 30, 2017",0.001771,0.001773,0.001691,0.001719,"2,110,290","189,841,584"
"Jul 29, 2017",0.001772,0.001774,0.001662,0.001768,"2,728,040","195,262,614"
"Jul 28, 2017",0.001855,0.001871,0.001751,0.001782,"4,510,970","196,738,456"
"Jul 27, 2017",0.00181,0.001872,0.001778,0.001856,"3,369,400","204,889,710"
"Jul 26, 2017",0.001772,0.001814,0.001659,0.00181,"3,897,040","199,806,282"
"Jul 25, 2017",0.001997,0.002002,0.001703,0.001773,"4,078,660","195,723,774"
"Jul 24, 2017",0.001973,0.00201,0.001912,0.00198,"3,671,250","218,468,436"
"Jul 23, 2017",0.002097,0.002193,0.001889,0.001972,"10,407,100","217,635,337"
"Jul 22, 2017",0.001936,0.002102,0.001921,0.002095,"6,184,110","231,094,037"
"Jul 21, 2017",0.001954,0.002023,0.001898,0.001936,"6,889,580","213,594,706"
"Jul 20, 2017",0.001694,0.00201,0.001694,0.001935,"7,934,090","213,373,670"
"Jul 19, 2017",0.00187,0.001935,0.001687,0.001689,"8,549,310","186,252,336"
"Jul 18, 2017",0.001523,0.001888,0.001467,0.001864,"10,344,200","205,507,620"
"Jul 17, 2017",0.001303,0.001554,0.001303,0.00152,"4,765,630","167,556,914"
"Jul 16, 2017",0.001484,0.001524,0.00128,0.001307,"4,390,690","144,110,351"
"Jul 15, 2017",0.001675,0.001675,0.001477,0.001484,"3,788,270","163,558,753"
"Jul 14, 2017",0.001826,0.001851,0.001632,0.001681,"3,700,410","185,301,423"
"Jul 13, 2017",0.001958,0.002056,0.00178,0.001823,"6,931,840","200,871,717"
"Jul 12, 2017",0.001759,0.001938,0.001674,0.001938,"9,627,830","213,554,221"
"Jul 11, 2017",0.001956,0.002036,0.001768,0.001779,"9,803,180","195,983,180"
"Jul 10, 2017",0.002338,0.002373,0.001865,0.001952,"7,350,820","215,080,219"
"Jul 09, 2017",0.002442,0.002492,0.002326,0.00233,"4,122,620","256,657,309"
"Jul 08, 2017",0.002386,0.002461,0.002202,0.00244,"8,176,760","268,764,834"
"Jul 07, 2017",0.002629,0.002629,0.002388,0.002397,"7,367,710","263,978,150"
"Jul 06, 2017",0.002711,0.00282,0.002601,0.002636,"10,702,300","290,253,630"
"Jul 05, 2017",0.002504,0.002829,0.002423,0.002714,"17,293,700","298,730,544"
"Jul 04, 2017",0.002527,0.002612,0.00251,0.002518,"5,302,360","277,197,171"
"Jul 03, 2017",0.002467,0.002601,0.002395,0.002533,"7,488,410","278,765,959"
"Jul 02, 2017",0.002638,0.002645,0.002253,0.002481,"6,310,430","272,983,974"
"Jul 01, 2017",0.002601,0.002893,0.002418,0.002645,"5,623,250","291,030,487"
"Jun 30, 2017",0.002654,0.002682,0.002601,0.002602,"4,828,560","286,240,722"
"Jun 29, 2017",0.002787,0.002787,0.002599,0.002656,"6,596,660","292,156,834"
"Jun 28, 2017",0.002636,0.002822,0.002526,0.002793,"9,713,640","307,215,582"
"Jun 27, 2017",0.00275,0.002766,0.002245,0.002623,"16,548,800","288,432,960"
"Jun 26, 2017",0.002958,0.003041,0.002449,0.00275,"19,984,800","302,421,460"
"Jun 25, 2017",0.003129,0.003436,0.002873,0.002961,"25,808,000","325,563,588"
"Jun 24, 2017",0.003139,0.003294,0.003121,0.003135,"12,055,500","344,687,037"
"Jun 23, 2017",0.003101,0.003188,0.003044,0.003143,"9,479,750","345,466,885"
"Jun 22, 2017",0.003126,0.003141,0.003046,0.003104,"9,515,860","341,137,156"
"Jun 21, 2017",0.003219,0.003292,0.003095,0.003125,"14,635,800","343,387,744"
"Jun 20, 2017",0.003154,0.003287,0.003151,0.003218,"15,050,400","353,617,215"
"Jun 19, 2017",0.003219,0.003253,0.003141,0.003141,"12,364,900","345,103,750"
"Jun 18, 2017",0.003335,0.003336,0.003171,0.00323,"9,348,420","354,812,176"
"Jun 17, 2017",0.003135,0.003384,0.003135,0.003322,"16,275,900","364,943,129"
"Jun 16, 2017",0.003043,0.003207,0.002947,0.003163,"13,983,500","347,356,322"
"Jun 15, 2017",0.0031,0.00311,0.002764,0.003043,"15,751,600","334,136,364"
"Jun 14, 2017",0.003305,0.003379,0.003011,0.003092,"14,116,100","339,460,162"
"Jun 13, 2017",0.00325,0.003432,0.00325,0.003313,"15,386,000","363,714,822"
"Jun 12, 2017",0.003603,0.003603,0.003166,0.003253,"20,308,300","357,074,637"
"Jun 11, 2017",0.003307,0.003795,0.003276,0.003601,"40,179,500","395,265,960"
"Jun 10, 2017",0.00343,0.003483,0.003292,0.003313,"22,219,500","363,573,700"
"Jun 09, 2017",0.003576,0.003624,0.003418,0.003453,"25,259,700","378,848,044"
"Jun 08, 2017",0.003279,0.003591,0.003095,0.003575,"30,213,200","392,181,330"
"Jun 07, 2017",0.003764,0.003815,0.003302,0.003302,"29,591,900","362,183,090"
"Jun 06, 2017",0.003859,0.004036,0.003549,0.003741,"44,359,200","410,328,884"
"Jun 05, 2017",0.003191,0.003901,0.003169,0.003873,"53,883,800","424,751,204"
"Jun 04, 2017",0.003279,0.003496,0.003071,0.003179,"47,092,000","348,600,600"
"Jun 03, 2017",0.003022,0.003375,0.002814,0.003251,"40,595,200","356,480,571"
"Jun 02, 2017",0.002878,0.003101,0.002858,0.003026,"34,663,300","331,768,244"
"Jun 01, 2017",0.002665,0.002903,0.002655,0.002867,"23,980,700","314,238,600"
"May 31, 2017",0.002639,0.002739,0.002392,0.002657,"19,840,600","291,223,324"
"May 30, 2017",0.002734,0.002994,0.00257,0.002623,"22,734,100","287,491,007"
"May 29, 2017",0.00253,0.002843,0.002427,0.002732,"19,870,300","299,397,082"
"May 28, 2017",0.002583,0.002858,0.002304,0.002579,"34,751,700","282,586,773"
"May 27, 2017",0.002428,0.002571,0.0017,0.002541,"51,605,800","278,381,109"
"May 26, 2017",0.00295,0.003277,0.002302,0.002424,"32,173,900","265,467,531"
"May 25, 2017",0.003702,0.003712,0.002921,0.002994,"47,384,900","327,904,155"
"May 24, 2017",0.003543,0.004044,0.003524,0.003659,"55,427,800","400,696,361"
"May 23, 2017",0.003367,0.004031,0.003125,0.003562,"69,025,696","390,020,192"
"May 22, 2017",0.003095,0.003766,0.002487,0.003405,"122,287,000","372,790,907"
"May 21, 2017",0.00191,0.003062,0.00191,0.003062,"105,483,000","335,148,585"
"May 20, 2017",0.001511,0.001921,0.001478,0.0019,"23,947,700","207,936,862"
"May 19, 2017",0.001512,0.001594,0.001424,0.001518,"15,752,100","166,080,690"
"May 18, 2017",0.001318,0.001647,0.00129,0.001508,"30,426,900","165,053,035"
"May 17, 2017",0.001068,0.001396,0.001068,0.001318,"19,914,100","144,250,618"
"May 16, 2017",0.001123,0.001125,0.000995,0.001059,"7,799,600","115,902,941"
"May 15, 2017",0.001275,0.001277,0.001098,0.001128,"5,239,470","123,385,340"
"May 14, 2017",0.001198,0.001274,0.001188,0.001274,"4,752,270","139,315,690"
"May 13, 2017",0.001188,0.001212,0.001123,0.001184,"5,599,360","129,426,581"
"May 12, 2017",0.001215,0.001263,0.001182,0.001183,"6,218,670","129,385,995"
"May 11, 2017",0.001236,0.00125,0.001124,0.001212,"7,417,150","132,531,385"
"May 10, 2017",0.001253,0.001382,0.0012,0.001239,"9,734,520","135,432,315"
"May 09, 2017",0.001531,0.001531,0.001107,0.001239,"18,473,100","135,399,786"
"May 08, 2017",0.001335,0.001523,0.001249,0.001521,"23,381,600","166,179,752"
"May 07, 2017",0.001176,0.00143,0.001157,0.001305,"34,856,400","142,549,286"
"May 06, 2017",0.000837,0.001169,0.000809,0.001169,"14,651,900","127,767,020"
"May 05, 2017",0.000738,0.000932,0.000736,0.00084,"9,754,900","91,730,012"
"May 04, 2017",0.000686,0.000763,0.000675,0.000744,"4,638,240","81,302,972"
"May 03, 2017",0.000611,0.000695,0.000591,0.000678,"4,436,450","74,082,831"
"May 02, 2017",0.000689,0.000696,0.000573,0.00061,"5,211,860","66,664,319"
"May 01, 2017",0.000746,0.000765,0.000638,0.000686,"5,565,600","74,926,988"
"Apr 30, 2017",0.000736,0.000771,0.000727,0.000746,"3,614,180","81,479,217"
"Apr 29, 2017",0.000679,0.000771,0.000679,0.000734,"5,870,990","80,094,405"
"Apr 28, 2017",0.000625,0.000705,0.000617,0.000678,"4,437,500","74,001,827"
"Apr 27, 2017",0.000549,0.000672,0.000545,0.000632,"4,707,330","68,965,795"
"Apr 26, 2017",0.000534,0.000552,0.000527,0.000544,"1,349,140","59,334,724"
"Apr 25, 2017",0.000511,0.000546,0.000511,0.000527,"1,498,410","57,525,560"